Fecha,Cierre,Apertura,Maximo,Minimo,Vol.,% var.
21/05/2025,13.07,12.92,13.09,12.9,4402571,13.07
20/05/2025,12.96,12.8,13,12.8,1056913,12.96
19/05/2025,12.9,12.83,12.99,12.75,3838773,12.9
16/05/2025,12.81,12.67,12.84,12.6,2037289,12.81
15/05/2025,12.59,12.75,12.75,12.59,1239188,12.59
14/05/2025,12.66,12.68,12.79,12.53,960519,12.66
13/05/2025,12.69,12.65,12.8,12.49,2081510,12.69
12/05/2025,12.59,12.68,12.75,12.52,713603,12.59
09/05/2025,12.69,12.63,12.9,12.25,2694120,12.69
08/05/2025,12.7,12.3,12.99,12.17,4561430,12.7
07/05/2025,12.3,12.18,12.47,12.12,3173465,12.3
06/05/2025,12.18,12.12,12.37,12,1071994,12.18
05/05/2025,12.39,12.42,12.5,12.25,659905,12.39
02/05/2025,12.3,12.15,12.44,12,1088497,12.3
30/04/2025,12.05,12,12.1,11.86,2912605,12.05
29/04/2025,11.97,12.24,12.24,11.95,831397,11.97
28/04/2025,12.24,12.2,12.25,12.18,922912,12.15
25/04/2025,12.19,12.01,12.2,12.01,935269,12.1
24/04/2025,12.1,11.7,12.2,11.69,1536653,12.01
23/04/2025,11.65,11.8,11.84,11.65,2295476,11.57
22/04/2025,11.74,11.93,12.01,11.73,1914971,11.65
21/04/2025,11.95,11.95,12.15,11.91,1137759,11.86
16/04/2025,12,11.95,12.01,11.88,1105690,11.91
15/04/2025,11.94,12,12,11.89,690188,11.85
14/04/2025,11.92,11.92,12,11.9,1652489,11.83
11/04/2025,11.93,12,12.08,11.9,984767,11.84
10/04/2025,11.99,11.75,12.15,11.75,1765529,11.9
09/04/2025,11.95,11.81,12,11.75,690559,11.86
08/04/2025,11.91,12.1,12.12,11.8,1304457,11.82
07/04/2025,12.11,11.92,12.15,11.8,1097045,12.02
04/04/2025,11.87,12.17,12.2,11.85,1721405,11.78
03/04/2025,12.23,12.02,12.25,11.92,2504304,12.14
02/04/2025,12.03,11.88,12.09,11.88,1717446,11.94
01/04/2025,11.9,11.78,12.12,11.75,6202077,11.81
31/03/2025,11.76,11.94,11.95,11.75,963873,11.67
28/03/2025,11.93,12,12.07,11.84,1858055,11.84
27/03/2025,11.85,11.97,12.09,11.84,2209156,11.76
26/03/2025,11.97,11.91,12,11.85,2993587,11.88
25/03/2025,11.93,11.8,12.1,11.7,1570691,11.84
24/03/2025,11.83,11.85,11.99,11.78,1185680,11.74
21/03/2025,11.85,11.89,12.2,11.8,64187430,11.76
20/03/2025,12.09,11.89,12.2,11.89,9183824,12
19/03/2025,12.13,11.8,12.15,11.8,9551732,12.04
18/03/2025,11.9,11.51,12.25,11.51,9570331,11.81
14/03/2025,11.49,11.26,11.6,11.11,1388651,11.41
13/03/2025,11.28,11,11.31,10.95,5090381,11.2
12/03/2025,11,11.04,11.14,10.95,2368815,10.92
11/03/2025,11,10.84,11.15,10.83,1894660,10.92
10/03/2025,11.05,11.16,11.19,11.03,1771978,10.88
07/03/2025,11.16,11.12,11.3,11.05,1036778,10.99
06/03/2025,11.09,11,11.17,11,1486334,10.92
05/03/2025,10.98,11.18,11.18,10.95,961243,10.82
04/03/2025,11,11.16,11.34,10.93,1651666,10.84
03/03/2025,11.16,11.2,11.34,11.03,2844205,10.99
28/02/2025,11.18,11.1,11.29,10.94,3842451,11.01
27/02/2025,11.07,10.88,11.2,10.8,645066,10.9
26/02/2025,11.02,10.93,11.05,10.83,828841,10.77
25/02/2025,10.93,11.17,11.17,10.86,1276998,10.68
24/02/2025,11.28,10.96,11.35,10.95,1672205,11.02
21/02/2025,11,10.91,11.09,10.9,1598360,10.75
20/02/2025,10.82,10.7,10.9,10.65,14435484,10.57
19/02/2025,10.69,10.72,10.75,10.6,1010718,10.45
18/02/2025,10.7,10.71,10.84,10.67,1217162,10.46
17/02/2025,10.73,10.72,10.79,10.67,462062,10.49
14/02/2025,10.74,10.75,10.8,10.65,660782,10.5
13/02/2025,10.66,10.72,10.85,10.64,986932,10.42
12/02/2025,10.72,10.69,10.75,10.55,1507891,10.48
11/02/2025,10.69,10.79,10.79,10.6,720764,10.45
10/02/2025,10.75,10.85,10.85,10.7,731127,10.51
07/02/2025,10.84,10.57,10.87,10.56,813359,10.59
06/02/2025,10.6,10.64,10.77,10.58,1032968,10.36
05/02/2025,10.68,10.75,10.84,10.64,1056184,10.44
04/02/2025,10.75,10.65,10.78,10.55,8846138,10.51
31/01/2025,10.62,10.66,10.98,10.52,1091087,10.38
30/01/2025,10.67,10.64,10.72,10.52,1625577,10.43
29/01/2025,10.68,10.68,10.8,10.62,1154038,10.35
28/01/2025,10.65,10.55,10.66,10.5,831749,10.33
27/01/2025,10.63,10.47,10.63,10.41,971050,10.31
24/01/2025,10.47,10.47,10.6,10.39,1477566,10.15
23/01/2025,10.41,10.45,10.52,10.35,1142457,10.09
22/01/2025,10.45,10.4,10.59,10.32,1490141,10.13
21/01/2025,10.32,10.39,10.46,10.3,928603,10.01
20/01/2025,10.35,10.39,10.51,10.32,730652,10.03
17/01/2025,10.31,10.52,10.57,10.31,771957,10
16/01/2025,10.46,10.71,10.72,10.45,1698306,10.14
15/01/2025,10.68,10.66,10.74,10.59,856820,10.35
14/01/2025,10.64,10.73,10.79,10.64,575163,10.32
13/01/2025,10.65,10.81,10.95,10.65,660451,10.33
10/01/2025,10.82,10.88,11.03,10.81,1753891,10.49
09/01/2025,10.82,10.89,11,10.8,314711,10.49
08/01/2025,10.88,11.01,11.02,10.81,463454,10.55
07/01/2025,11,11.03,11.1,10.7,901238,10.66
06/01/2025,11,10.93,11.08,10.9,3286587,10.66
03/01/2025,10.93,10.96,11.06,10.75,817582,10.6
02/01/2025,10.89,10.62,11.08,10.62,2263182,10.56
31/12/2024,10.84,10.83,10.84,10.61,409165,10.51
30/12/2024,10.67,10.62,10.71,10.56,3611750,10.34
27/12/2024,10.61,10.67,10.74,10.59,513149,10.29
26/12/2024,10.69,10.71,10.84,10.63,771876,10.36
24/12/2024,10.66,10.83,10.88,10.6,356391,10.25
23/12/2024,10.9,10.87,11.01,10.75,477897,10.49
20/12/2024,10.84,11.18,11.25,10.77,6225163,10.43
19/12/2024,10.98,10.99,11.2,10.95,672143,10.56
18/12/2024,11.1,11.32,11.35,11.01,2094274,10.68
17/12/2024,11.28,11.1,11.36,10.95,1906103,10.85
16/12/2024,11.08,11,11.25,10.9,936910,10.66
13/12/2024,11,10.92,11.03,10.9,1004723,10.58
11/12/2024,10.99,10.9,10.99,10.8,667820,10.57
10/12/2024,10.79,10.83,11.02,10.6,2630843,10.38
09/12/2024,10.84,10.68,10.95,10.65,1700605,10.43
06/12/2024,10.69,10.61,10.74,10.6,1570888,10.28
05/12/2024,10.6,10.5,10.67,10.38,1280719,10.2
04/12/2024,10.54,10.4,10.6,10.3,1980945,10.14
03/12/2024,10.38,10.35,10.47,10.25,1403398,9.99
02/12/2024,10.28,10.15,10.52,10.1,3403864,9.89
29/11/2024,10.16,10.2,10.33,10.14,566468,9.77
28/11/2024,10.17,10.28,10.36,10.12,491250,9.78
27/11/2024,10.3,10.45,10.56,10.21,1129428,9.83
26/11/2024,10.43,10.55,10.57,10.37,1186087,9.95
25/11/2024,10.49,10.54,11.01,10.4,2523117,10.01
22/11/2024,10.47,10.56,10.6,10.45,473364,9.99
21/11/2024,10.59,10.55,10.62,10.49,4256835,10.11
20/11/2024,10.6,10.65,10.74,10.5,664984,10.11
19/11/2024,10.59,10.52,10.72,10.46,759504,10.11
15/11/2024,10.5,10.5,10.7,10.45,2018918,10.02
14/11/2024,10.48,10.45,10.62,10.36,1385190,10
13/11/2024,10.38,10.61,10.61,10.38,885042,9.9
12/11/2024,10.54,10.6,10.7,10.54,817451,10.06
11/11/2024,10.6,10.59,10.68,10.56,484130,10.11
08/11/2024,10.51,10.47,10.65,10.47,648948,10.03
07/11/2024,10.48,10.69,10.69,10.48,585878,10
06/11/2024,10.6,10.55,10.66,10.42,959490,10.11
05/11/2024,10.64,10.5,10.69,10.49,2581242,10.15
04/11/2024,10.5,10.5,10.6,10.45,616088,10.02
01/11/2024,10.54,10.36,10.59,10.33,3137053,10.06
31/10/2024,10.38,10.41,10.5,10.33,262876,9.9
30/10/2024,10.45,10.53,10.53,10.27,548896,9.97
29/10/2024,10.7,10.46,10.7,10.32,696071,10.13
28/10/2024,10.48,10.44,10.55,10.44,1066416,9.92
25/10/2024,10.51,10.41,10.55,10.38,1876277,9.95
24/10/2024,10.29,10.25,10.46,10.22,2028575,9.74
23/10/2024,10.19,10.32,10.4,10.08,1325501,9.65
22/10/2024,10.3,10.43,10.47,10.2,1672025,9.75
21/10/2024,10.38,10.5,10.52,10.33,1056052,9.83
18/10/2024,10.49,10.46,10.59,10.46,304503,9.93
17/10/2024,10.48,10.5,10.6,10.4,614990,9.92
16/10/2024,10.5,10.54,10.6,10.35,1067308,9.94
15/10/2024,10.57,10.41,10.62,10.35,1731986,10.01
14/10/2024,10.42,10.4,10.57,10.4,377067,9.87
11/10/2024,10.37,10.42,10.54,10.35,289969,9.82
10/10/2024,10.39,10.46,10.59,10.28,533919,9.84
09/10/2024,10.47,10.61,10.7,10.43,712861,9.91
08/10/2024,10.6,10.71,10.79,10.51,435321,10.04
07/10/2024,10.7,10.92,10.93,10.55,1136006,10.13
04/10/2024,10.89,10.63,11,10.63,1364263,10.31
03/10/2024,10.67,10.68,10.8,10.61,519573,10.1
02/10/2024,10.72,10.45,10.8,10.4,985283,10.15
30/09/2024,10.51,10.43,10.52,10.3,918704,9.95
27/09/2024,10.4,10.3,10.45,10.28,622268,9.85
26/09/2024,10.37,10.5,10.5,10.26,786370,9.74
25/09/2024,10.36,10.54,10.55,10.32,1434335,9.73
24/09/2024,10.5,10.43,10.6,10.31,965511,9.87
23/09/2024,10.43,10.31,10.51,10.26,546476,9.8
20/09/2024,10.04,10.69,10.76,10.03,1749693,9.43
19/09/2024,10.69,10.97,10.97,10.62,516887,10.04
18/09/2024,10.91,10.91,11.03,10.9,383563,10.25
17/09/2024,10.99,10.93,11.02,10.87,348088,10.33
13/09/2024,11.01,10.81,11.05,10.81,952962,10.34
12/09/2024,10.79,10.94,11.06,10.66,802286,10.14
11/09/2024,11,10.62,11.06,10.62,1555785,10.34
10/09/2024,10.62,10.82,11.02,10.55,697391,9.98
09/09/2024,10.92,10.9,11.03,10.77,2078731,10.26
06/09/2024,10.9,10.6,11.01,10.51,2515803,10.24
05/09/2024,10.6,10.49,10.7,10.35,961830,9.96
04/09/2024,10.49,10.36,10.57,10.21,5290229,9.86
03/09/2024,10.4,10.39,10.46,10.2,1319703,9.77
02/09/2024,10.35,10.45,10.45,10.35,373820,9.72
30/08/2024,10.43,10.21,10.45,10.15,1760379,9.8
29/08/2024,10.23,10.08,10.34,9.99,1336844,9.61
28/08/2024,10.08,10.06,10.2,10.01,749126,9.4
27/08/2024,10.03,10.25,10.31,10.01,1027334,9.35
26/08/2024,10.26,10.4,10.47,10.22,422777,9.56
23/08/2024,10.26,10.36,10.5,10.21,652618,9.56
22/08/2024,10.36,10.3,10.47,10.27,470114,9.66
21/08/2024,10.26,10.48,10.54,10.2,2803856,9.56
20/08/2024,10.49,10.81,10.92,10.4,1171173,9.78
19/08/2024,10.8,10.96,11.03,10.7,2050865,10.07
16/08/2024,10.93,11.05,11.05,10.9,476655,10.19
15/08/2024,11,10.74,11.1,10.71,1771576,10.25
14/08/2024,10.7,10.59,10.75,10.55,1071941,9.97
13/08/2024,10.65,10.5,10.7,10.48,756730,9.93
12/08/2024,10.51,10.47,10.59,10.31,406945,9.8
09/08/2024,10.49,10.51,10.54,10.38,447715,9.78
08/08/2024,10.53,10.3,10.6,10.26,1449870,9.82
07/08/2024,10.26,10.12,10.3,9.9,965966,9.56
06/08/2024,10.14,10.05,10.15,9.76,2718295,9.45
05/08/2024,10.05,9.95,10.08,9.72,1464447,9.37
02/08/2024,10,9.95,10.05,9.8,1899764,9.32
01/08/2024,9.88,9.62,10.04,9.51,11914987,9.21
31/07/2024,9.6,9.36,9.64,9.36,2171787,8.95
30/07/2024,9.35,9.44,9.47,9.35,1318943,8.72
29/07/2024,9.45,9.5,9.54,9.32,3365959,8.73
26/07/2024,9.49,9.52,9.58,9.2,3496661,8.77
25/07/2024,9.47,9.71,9.8,9.43,1421217,8.75
24/07/2024,9.71,9.8,9.89,9.65,767646,8.97
23/07/2024,9.72,9.74,9.8,9.68,12298165,8.98
22/07/2024,9.72,9.6,9.86,9.6,355020,8.98
19/07/2024,9.6,9.67,9.68,9.43,837515,8.87
18/07/2024,9.67,9.75,9.8,9.6,733888,8.94
17/07/2024,9.72,9.81,9.85,9.7,531599,8.98
16/07/2024,9.75,9.99,9.99,9.72,629055,9.01
15/07/2024,9.96,9.98,9.99,9.91,3269689,9.21
12/07/2024,9.93,9.9,10,9.86,2249499,9.18
11/07/2024,9.96,9.85,9.96,9.55,8713266,9.21
10/07/2024,9.87,9.66,10.04,9.66,1120983,9.12
09/07/2024,9.6,9.79,9.82,9.6,1544420,8.87
08/07/2024,9.77,9.87,9.95,9.75,536816,9.03
05/07/2024,9.88,9.88,9.98,9.8,615107,9.13
04/07/2024,9.88,9.75,9.9,9.75,231336,9.13
03/07/2024,9.75,9.75,9.82,9.71,454098,9.01
02/07/2024,9.76,9.86,9.88,9.75,992152,9.02
01/07/2024,9.86,9.81,9.89,9.79,9182374,9.11
28/06/2024,9.76,9.9,9.9,9.75,556279,9.02
27/06/2024,9.75,9.92,9.95,9.74,434117,9.01
26/06/2024,9.88,10.04,10.04,9.86,529344,9.06
25/06/2024,9.98,10.13,10.17,9.98,701882,9.16
24/06/2024,10.11,10.33,10.33,9.98,725937,9.28
21/06/2024,10.35,9.9,10.43,9.84,3059314,9.5
20/06/2024,9.89,9.94,9.94,9.86,244172,9.07
19/06/2024,9.88,9.84,9.93,9.84,790930,9.06
18/06/2024,9.84,9.9,9.99,9.84,498420,9.03
17/06/2024,9.84,9.88,10.01,9.82,876556,9.03
14/06/2024,9.89,9.98,10.09,9.85,1204877,9.07
13/06/2024,9.98,10,10.07,9.85,3760912,9.16
12/06/2024,9.96,10,10.02,9.93,1221992,9.14
11/06/2024,10,10.07,10.16,9.96,811635,9.17
10/06/2024,10.06,10.05,10.17,10.05,678487,9.23
07/06/2024,10.04,10.25,10.25,10.01,971711,9.21
06/06/2024,10.14,10.3,10.32,10.14,991273,9.3
05/06/2024,10.23,10.2,10.36,10.15,1162968,9.39
04/06/2024,10.18,10.13,10.4,10.09,969641,9.34
03/06/2024,10.09,10.39,10.39,10.09,2053235,9.26
31/05/2024,10.28,10.24,10.6,10.16,1936110,9.43
30/05/2024,10.16,10.22,10.37,10.16,2086739,9.32
29/05/2024,10.23,10.4,10.4,10.16,3378998,9.39
28/05/2024,10.36,10.31,10.44,10.31,1146916,9.5
27/05/2024,10.41,10.4,10.52,10.38,236914,9.55
24/05/2024,10.48,10.55,10.65,10.45,2307861,9.61
23/05/2024,10.61,10.35,10.69,10.3,2155161,9.73
22/05/2024,10.38,10.16,10.43,10.14,1681377,9.52
21/05/2024,10.11,10.37,10.37,10.1,1014802,9.28
20/05/2024,10.37,10.52,10.52,10.32,388807,9.51
17/05/2024,10.45,10.42,10.88,10.32,549686,9.59
16/05/2024,10.32,10.3,10.43,10.24,1423997,9.47
15/05/2024,10.3,10.06,10.51,10.04,32239365,9.45
14/05/2024,10.04,10.13,10.14,10,567860,9.21
13/05/2024,10.14,10.11,10.18,10.05,676345,9.3
10/05/2024,10.11,10.15,10.15,10.03,3923122,9.28
09/05/2024,10.15,10.05,10.16,9.98,3775256,9.31
08/05/2024,10.07,10.05,10.1,9.97,1431406,9.24
07/05/2024,10.07,10.23,10.29,10.01,1881403,9.24
06/05/2024,10.21,10.34,10.36,10.13,1275655,9.37
03/05/2024,10.3,10.29,10.4,10.15,3020726,9.45
02/05/2024,10.29,10.17,10.36,10.11,2053882,9.44
30/04/2024,10.2,10.5,10.59,9.99,1969505,9.36
29/04/2024,10.5,10.2,10.55,10.15,2419845,9.63
26/04/2024,10.15,10.2,10.29,10.1,2048844,9.31
25/04/2024,10.15,10.14,10.3,10,2351050,9.31
24/04/2024,10,9.95,10.06,9.8,14344299,9.17
23/04/2024,9.89,10,10.08,9.88,3691157,9.07
22/04/2024,9.89,10.07,10.28,9.87,1983619,9.07
19/04/2024,10.04,10.29,10.41,10.01,1505512,9.21
18/04/2024,10.23,10.6,10.6,10.23,2148033,9.39
17/04/2024,10.56,10.61,10.7,10.41,1006399,9.69
16/04/2024,10.58,10.85,10.96,10.51,1529122,9.71
15/04/2024,10.82,11,11.06,10.82,958485,9.93
12/04/2024,11,11,11.07,10.95,6115959,10.09
11/04/2024,10.95,10.89,11.07,10.85,9559902,10.05
10/04/2024,10.89,11.18,11.32,10.7,12803206,9.99
09/04/2024,11.15,11.27,11.38,11.15,4538194,10.23
08/04/2024,11.25,11.26,11.38,11.25,900478,10.32
05/04/2024,11.25,11.28,11.38,11.25,872417,10.32
04/04/2024,11.28,11.38,11.41,11.25,1273326,10.35
03/04/2024,11.33,11.29,11.45,11.29,381248,10.39
02/04/2024,11.26,11.32,11.4,11.25,3712858,10.33
01/04/2024,11.33,11.41,11.46,11.3,4283607,10.39
27/03/2024,11.4,11.42,11.45,11.4,1701374,10.46
26/03/2024,11.4,11.35,11.43,11.3,4301340,10.46
25/03/2024,11.31,11.34,11.44,11.3,1617509,10.38
22/03/2024,11.4,11.35,11.55,11.3,7390283,10.46
21/03/2024,11.35,11.24,11.43,11.15,4825863,10.41
20/03/2024,11.19,11.09,11.3,11,6640512,10.27
19/03/2024,11.09,11.67,11.67,10.96,19708381,10.17
15/03/2024,11.35,12.16,12.16,11.35,14382392,10.41
14/03/2024,12.17,12.19,12.3,12.11,409277,11.17
13/03/2024,12.2,12.29,12.33,12.16,435912,11.19
12/03/2024,12.33,12.2,12.33,12.09,1222136,11.31
11/03/2024,12.21,12.17,12.22,12.03,719633,11.2
08/03/2024,12.14,12.08,12.23,12.05,527874,11.14
07/03/2024,12.1,12.2,12.28,12.04,320107,11.1
06/03/2024,12.22,12,12.29,12,2339777,11.21
05/03/2024,12.25,12.09,12.36,12.08,1366573,11.24
04/03/2024,12.1,11.81,12.23,11.81,497535,11.1
01/03/2024,11.86,11.84,12.21,11.74,1155210,10.88
29/02/2024,11.84,11.89,12.11,11.6,490192,10.86
28/02/2024,11.89,12.03,12.06,11.77,361614,10.84
27/02/2024,12.05,11.8,12.12,11.67,1616701,10.99
26/02/2024,11.91,12.05,12.06,11.9,247075,10.79
23/02/2024,12.14,11.9,12.15,11.9,322101,11
22/02/2024,11.94,11.9,12.05,11.8,2003218,10.82
21/02/2024,11.96,12.1,12.1,11.85,171664,10.83
20/02/2024,12.1,11.99,12.11,11.89,2037827,10.96
19/02/2024,11.97,12.07,12.09,11.97,101895,10.84
16/02/2024,12.14,12.11,12.22,11.97,310151,11
15/02/2024,12.13,12.25,12.27,12.05,777201,10.99
14/02/2024,12.27,12.32,12.37,12.18,1651309,11.12
13/02/2024,12.32,12.07,12.34,12,815008,11.16
12/02/2024,12.07,12.2,12.3,12.05,141636,10.93
09/02/2024,12.35,12.4,12.41,12.14,2085842,11.19
08/02/2024,12.4,12.44,12.45,12.15,957687,11.23
07/02/2024,12.44,12.26,12.44,12.11,1823114,11.27
06/02/2024,12.27,12.01,12.3,12,450619,11.12
02/02/2024,12.29,12.15,12.29,12.15,452871,11.13
01/02/2024,12.2,12.13,12.25,11.97,460950,11.05
31/01/2024,12.13,12.02,12.19,11.98,181260,10.99
30/01/2024,12.1,12.03,12.15,11.94,2596998,10.96
29/01/2024,12.1,12.06,12.21,11.5,942429,10.96
26/01/2024,12.07,12.14,12.2,11.96,947423,10.87
25/01/2024,12.15,12,12.25,11.97,1007685,10.94
24/01/2024,12,12.09,12.1,11.98,1355797,10.8
23/01/2024,12.06,12.14,12.14,12,224854,10.86
22/01/2024,12.15,12.06,12.19,11.82,797283,10.94
19/01/2024,12.1,12.06,12.2,12.03,247136,10.89
18/01/2024,12.06,12.21,12.26,12,311215,10.86
17/01/2024,12.24,12.05,12.25,11.99,586018,11.02
16/01/2024,12.05,12.15,12.19,12.04,1583371,10.85
15/01/2024,12.15,12.18,12.21,12.01,859037,10.94
12/01/2024,12.2,11.97,12.24,11.97,1135647,10.98
11/01/2024,11.94,12.1,12.14,11.93,265301,10.75
10/01/2024,12.05,12.13,12.13,12,241059,10.85
09/01/2024,12.14,12.25,12.25,12.05,243712,10.93
08/01/2024,12.25,12.24,12.27,12.17,545181,11.03
05/01/2024,12.24,12.13,12.25,12,1045931,11.02
04/01/2024,12.15,12.22,12.27,12.06,1284768,10.94
03/01/2024,12.23,12.29,12.29,12,350670,11.01
02/01/2024,12.29,12.27,12.32,12.18,355768,11.06
29/12/2023,12.25,12.34,12.34,12.15,680214,11.03
28/12/2023,12.4,11.91,12.41,11.9,1811515,11.16
27/12/2023,12.02,11.9,12.03,11.9,393107,10.82
26/12/2023,12.07,11.9,12.17,11.85,721811,10.8
22/12/2023,11.93,11.85,11.95,11.8,302499,10.67
21/12/2023,11.82,11.71,11.87,11.55,541882,10.57
20/12/2023,11.69,11.68,11.7,11.4,253367,10.46
19/12/2023,11.64,11.7,11.77,11.57,405920,10.41
18/12/2023,11.7,11.61,11.7,11.49,125171,10.46
15/12/2023,11.69,11.27,11.77,11.18,952897,10.46
14/12/2023,11.23,11.21,11.27,11.19,1334610,10.04
13/12/2023,11.2,11.27,11.27,11.02,255463,10.02
11/12/2023,11.27,11.35,11.35,11.2,106372,10.08
08/12/2023,11.37,11.12,11.37,11.1,259173,10.17
07/12/2023,11.14,11.16,11.18,10.93,745566,9.96
06/12/2023,10.9,11.02,11.07,10.88,183990,9.75
05/12/2023,11,11.09,11.16,10.85,410355,9.84
04/12/2023,11.1,11.08,11.1,11,280377,9.93
01/12/2023,11.09,11,11.15,10.9,297604,9.92
30/11/2023,10.94,10.8,11,10.63,144183,9.79
29/11/2023,10.8,10.48,11,10.47,761993,9.66
28/11/2023,10.46,10.99,10.99,10.45,550727,9.36
27/11/2023,10.99,10.97,11.22,10.95,2353450,9.76
24/11/2023,11.04,11.29,11.29,10.85,1005206,9.8
23/11/2023,11.08,11,11.3,11,843656,9.84
22/11/2023,11.12,10.95,11.15,10.94,520451,9.87
21/11/2023,10.95,10.74,10.99,10.74,572864,9.72
17/11/2023,10.75,10.64,10.81,10.61,707648,9.55
16/11/2023,10.64,10.4,10.67,10.39,1386099,9.45
15/11/2023,10.4,10.52,10.61,10.3,410938,9.24
14/11/2023,10.52,10.46,10.72,10.43,432769,9.34
13/11/2023,10.45,10.26,10.5,10.26,955559,9.28
10/11/2023,10.3,10.26,10.3,10.16,500021,9.15
09/11/2023,10.24,10.3,10.3,10.17,334015,9.09
08/11/2023,10.3,10.32,10.35,10.2,535947,9.15
07/11/2023,10.32,10.14,10.42,10.13,573114,9.16
06/11/2023,10.14,10.59,10.6,10,561537,9
03/11/2023,10.59,10.49,10.63,10.48,235399,9.4
01/11/2023,10.49,10.26,10.54,10.26,223974,9.32
31/10/2023,10.3,10.25,10.3,10.25,278823,9.15
30/10/2023,10.29,10.55,10.55,10.12,532592,9.14
27/10/2023,10.55,10.46,10.55,10.44,333977,9.37
26/10/2023,10.49,10.42,10.51,10.01,139823,9.25
25/10/2023,10.42,10.51,10.51,10.39,183341,9.18
24/10/2023,10.51,10.47,10.54,10.45,101508,9.26
23/10/2023,10.47,10.48,10.5,10.4,143119,9.23
20/10/2023,10.42,10.51,10.53,10.3,141450,9.18
19/10/2023,10.5,10.55,10.64,10.46,134811,9.25
18/10/2023,10.52,10.57,10.7,10.52,279705,9.27
17/10/2023,10.55,10.61,10.72,10.55,183855,9.3
16/10/2023,10.56,10.79,10.8,10.5,328242,9.31
13/10/2023,10.8,10.74,10.8,10.74,130905,9.52
12/10/2023,10.74,10.75,10.75,10.69,71359,9.47
11/10/2023,10.66,10.75,10.8,10.66,200567,9.4
10/10/2023,10.75,10.8,10.8,10.74,119556,9.47
09/10/2023,10.8,10.84,10.85,10.78,97563,9.52
06/10/2023,10.82,10.8,10.89,10.8,102978,9.54
05/10/2023,10.74,10.73,10.81,10.72,98345,9.47
04/10/2023,10.71,10.76,10.8,10.71,129830,9.44
03/10/2023,10.73,10.59,10.81,10.59,234186,9.46
02/10/2023,10.59,10.84,10.9,10.59,255438,9.33
29/09/2023,10.82,10.74,10.85,10.73,279823,9.54
28/09/2023,10.66,10.66,10.75,10.63,141925,9.4
27/09/2023,10.66,10.62,10.72,10.38,366420,9.4
26/09/2023,10.63,10.7,10.74,10.58,121031,9.3
25/09/2023,10.74,10.77,10.89,10.6,208530,9.4
22/09/2023,10.77,10.81,10.86,10.62,225933,9.43
21/09/2023,10.79,10.86,10.88,10.79,141371,9.44
20/09/2023,10.85,10.85,11.02,10.85,213151,9.5
19/09/2023,10.85,10.88,10.95,10.84,107134,9.5
18/09/2023,10.88,10.9,11,10.85,168031,9.52
15/09/2023,10.88,10.85,11.2,10.8,639779,9.52
14/09/2023,10.83,10.98,11.07,10.77,438569,9.48
13/09/2023,10.97,11.3,11.34,10.95,347841,9.6
12/09/2023,11.3,11.07,11.4,11.07,579912,9.89
11/09/2023,11.07,10.96,11.1,10.96,224744,9.69
08/09/2023,10.94,10.96,11.02,10.9,704189,9.57
07/09/2023,10.92,10.93,11.03,10.91,251813,9.56
06/09/2023,10.92,10.97,11.04,10.92,230572,9.56
05/09/2023,10.95,10.98,11,10.9,284607,9.58
04/09/2023,11,10.96,11.03,10.95,212019,9.63
01/09/2023,10.95,11,11.08,10.95,183177,9.58
31/08/2023,10.95,11.04,11.09,10.93,299474,9.58
30/08/2023,11.04,11.08,11.08,10.97,242755,9.66
29/08/2023,11.07,11.19,11.19,11.04,354862,9.69
28/08/2023,11.2,11.16,11.24,11.13,417036,9.74
25/08/2023,11.17,11.28,11.3,11.11,251750,9.71
24/08/2023,11.28,11.25,11.4,11.24,364989,9.81
23/08/2023,11.25,11.26,11.3,11.2,350847,9.78
22/08/2023,11.25,11.37,11.4,11.2,149878,9.78
21/08/2023,11.39,11.44,11.45,11.38,73064,9.9
18/08/2023,11.44,11.51,11.54,11.4,84887,9.95
17/08/2023,11.5,11.27,11.62,11.27,190866,10
16/08/2023,11.27,11.43,11.57,11.2,200736,9.8
15/08/2023,11.5,11.45,11.64,11.39,352889,10
14/08/2023,11.45,11.47,11.75,11.41,1149388,9.95
11/08/2023,11.47,11.36,11.48,11.34,217653,9.97
10/08/2023,11.35,11.21,11.37,11.21,248843,9.87
09/08/2023,11.2,11.38,11.4,11.15,5570809,9.74
08/08/2023,11.36,11.48,11.48,11.36,209034,9.88
07/08/2023,11.48,11.46,11.52,11.45,159724,9.98
04/08/2023,11.44,11.43,11.54,11.4,60752,9.95
03/08/2023,11.43,11.48,11.58,11.4,212967,9.94
02/08/2023,11.48,11.47,11.5,11.4,229539,9.98
01/08/2023,11.43,11.35,11.5,11.3,452955,9.94
31/07/2023,11.35,11.48,11.48,11.3,360118,9.87
28/07/2023,11.47,11.47,11.5,11.42,195309,9.97
27/07/2023,11.48,11.48,11.63,11.44,256312,9.98
26/07/2023,11.49,11.6,11.64,11.35,433655,9.92
25/07/2023,11.59,11.69,11.7,11.58,176312,10.01
24/07/2023,11.66,11.79,11.79,11.48,321300,10.07
21/07/2023,11.79,11.77,11.8,11.75,588917,10.18
20/07/2023,11.75,11.77,11.79,11.74,127020,10.15
19/07/2023,11.77,11.86,11.87,11.76,69152,10.17
18/07/2023,11.89,11.89,11.9,11.65,169549,10.27
17/07/2023,11.89,11.9,11.91,11.79,209093,10.27
14/07/2023,11.92,11.9,11.98,11.79,181050,10.3
13/07/2023,11.84,11.78,11.9,11.78,110023,10.23
12/07/2023,11.76,11.84,11.84,11.76,87338,10.16
11/07/2023,11.81,11.73,11.89,11.73,206327,10.2
10/07/2023,11.73,11.84,11.84,11.72,400727,10.13
07/07/2023,11.86,11.86,11.9,11.81,371414,10.24
06/07/2023,11.8,11.81,11.9,11.79,533815,10.19
05/07/2023,11.81,11.75,11.92,11.69,414912,10.2
04/07/2023,11.74,11.79,11.99,11.7,122133,10.14
03/07/2023,11.76,11.78,11.86,11.63,303709,10.16
30/06/2023,11.78,11.75,11.85,11.74,421255,10.18
29/06/2023,11.75,11.78,11.83,11.65,351845,10.15
28/06/2023,11.78,11.73,11.91,11.73,156173,10.18
27/06/2023,11.73,11.77,11.79,11.72,395618,10.13
26/06/2023,11.78,11.73,11.81,11.71,202961,10.18
23/06/2023,11.69,11.73,11.85,11.66,190062,10.1
22/06/2023,11.73,11.71,11.81,11.69,249293,10.13
21/06/2023,11.7,11.83,11.87,11.66,464423,10.11
20/06/2023,11.82,11.79,11.85,11.78,331058,10.21
19/06/2023,11.78,11.7,11.86,11.63,695986,10.18
16/06/2023,11.6,11.81,11.88,11.6,10531486,10.02
15/06/2023,11.81,11.91,11.92,11.8,372318,10.2
14/06/2023,11.86,11.9,11.94,11.85,259961,10.24
13/06/2023,11.92,11.86,11.94,11.83,238052,10.3
12/06/2023,11.83,11.95,11.99,11.75,276104,10.22
09/06/2023,11.95,12,12,11.8,331767,10.32
08/06/2023,12,12,12.12,11.96,813448,10.37
07/06/2023,12,11.97,12.12,11.95,175624,10.37
06/06/2023,11.97,11.94,11.98,11.93,322133,10.34
05/06/2023,11.92,11.92,11.99,11.9,293476,10.3
02/06/2023,11.91,11.99,12.09,11.91,216188,10.29
01/06/2023,11.98,11.86,12,11.86,119316,10.35
31/05/2023,11.85,11.93,12,11.85,145563,10.24
30/05/2023,11.92,11.95,11.98,11.87,404443,10.3
29/05/2023,11.96,11.92,12,11.92,89902,10.33
26/05/2023,11.9,11.91,11.96,11.85,580662,10.21
25/05/2023,11.89,11.9,12,11.88,157445,10.2
24/05/2023,11.88,12,12.05,11.78,648174,10.19
23/05/2023,12,11.91,12.04,11.9,162020,10.29
22/05/2023,11.9,11.94,12.06,11.89,183367,10.21
19/05/2023,11.94,11.95,12.06,11.91,151201,10.24
18/05/2023,11.94,11.97,12.02,11.91,235354,10.24
17/05/2023,11.95,11.98,12.05,11.94,200687,10.25
16/05/2023,11.95,12.06,12.06,11.94,491142,10.25
15/05/2023,12.04,12.06,12.06,12.03,319136,10.33
12/05/2023,12.05,12.18,12.18,12.05,213936,10.33
11/05/2023,12.15,12.18,12.19,12.15,30338,10.42
10/05/2023,12.16,12.18,12.2,12.15,149635,10.43
09/05/2023,12.18,12.18,12.18,12.14,134224,10.45
08/05/2023,12.16,12.15,12.21,12.15,107551,10.43
05/05/2023,12.14,12.16,12.25,12.14,235239,10.41
04/05/2023,12.15,12.1,12.25,12.1,143907,10.42
03/05/2023,12.12,12.15,12.21,12.01,790700,10.39
02/05/2023,12.15,12.2,12.21,12.12,130964,10.42
28/04/2023,12.22,12.18,12.26,12.15,57134,10.48
27/04/2023,12.14,12.16,12.19,12.11,144304,10.41
26/04/2023,12.17,12.25,12.25,12.16,138403,10.44
25/04/2023,12.19,12.23,12.25,12.16,81617,10.45
24/04/2023,12.22,12.23,12.25,12.2,88205,10.48
21/04/2023,12.22,12.24,12.29,12.21,73573,10.48
20/04/2023,12.23,12.22,12.31,12.19,331111,10.49
19/04/2023,12.25,12.22,12.28,12.2,160944,10.51
18/04/2023,12.22,12.22,12.26,12.22,108498,10.48
17/04/2023,12.22,12.24,12.25,12.21,78249,10.48
14/04/2023,12.24,12.12,12.3,12.1,183419,10.5
13/04/2023,12.2,12.19,12.23,12.17,113104,10.46
12/04/2023,12.17,12.12,12.23,12.11,313722,10.44
11/04/2023,12.12,12.14,12.2,12.08,204052,10.39
10/04/2023,12.14,12.2,12.23,12.08,427352,10.41
05/04/2023,12.23,12.23,12.24,12.07,235927,10.49
04/04/2023,12.23,12.22,12.26,12.1,168884,10.49
03/04/2023,12.2,12.23,12.26,12.18,328124,10.46
31/03/2023,12.23,12.21,12.26,12.18,148055,10.49
30/03/2023,12.22,12.23,12.27,12.18,166103,10.48
29/03/2023,12.23,12.22,12.24,12.17,148750,10.49
28/03/2023,12.2,12.22,12.29,12.2,324085,10.39
27/03/2023,12.22,12.3,12.3,12.19,241870,10.41
24/03/2023,12.22,12.26,12.37,12.18,722419,10.41
23/03/2023,12.25,12.31,12.37,12.24,178335,10.43
22/03/2023,12.31,12.25,12.35,12.25,76716,10.48
21/03/2023,12.25,12.37,12.37,12.21,264698,10.43
17/03/2023,12.34,12.38,12.43,12.3,69435,10.51
16/03/2023,12.4,12.38,12.46,12.37,112567,10.56
15/03/2023,12.38,12.31,12.51,12.27,162920,10.54
14/03/2023,12.27,12.37,12.51,12.25,164278,10.45
13/03/2023,12.35,12.39,12.39,12.3,119078,10.52
10/03/2023,12.4,12.4,12.5,12.2,289844,10.56
09/03/2023,12.4,12.39,12.49,12.35,204542,10.56
08/03/2023,12.43,12.42,12.43,12.37,169965,10.59
07/03/2023,12.37,12.5,12.52,12.37,160101,10.53
06/03/2023,12.5,12.6,12.6,12.47,215994,10.65
03/03/2023,12.73,12.39,12.73,12.29,1088526,10.84
02/03/2023,12.39,12.3,12.4,12.27,211507,10.55
01/03/2023,12.29,12.28,12.29,12.22,68088,10.47
28/02/2023,12.2,12.38,12.42,12.2,193748,10.39
27/02/2023,12.36,12.3,12.44,11.45,277305,10.53
24/02/2023,12.4,12.27,12.4,12.23,161736,10.56
23/02/2023,12.27,12.3,12.3,12.2,242427,10.45
22/02/2023,12.3,12.4,12.4,12.25,145552,10.47
21/02/2023,12.47,12.53,12.58,12.41,273083,10.36
20/02/2023,12.51,12.43,12.54,12.42,266345,10.39
17/02/2023,12.41,12.3,12.43,12.29,624442,10.31
16/02/2023,12.3,12.4,12.4,12.25,281675,10.22
15/02/2023,12.3,12.49,12.5,12.28,151769,10.22
14/02/2023,12.36,12.33,12.41,12.3,211102,10.27
13/02/2023,12.31,12.2,12.34,12.19,357550,10.23
10/02/2023,12.2,12.16,12.21,12.12,128238,10.13
09/02/2023,12.14,12.23,12.23,12.14,114368,10.08
08/02/2023,12.15,12.2,12.25,12.14,212718,10.09
07/02/2023,12.2,12.16,12.2,12.13,129642,10.13
03/02/2023,12.17,12.16,12.18,12.14,154425,10.11
02/02/2023,12.16,12.16,12.18,12.14,94927,10.1
01/02/2023,12.16,12.18,12.18,12.11,287315,10.1
31/01/2023,12.16,12.2,12.25,12.16,130758,10.1
30/01/2023,12.2,12.21,12.21,12.16,182342,10.13
27/01/2023,12.21,12.21,12.24,12.17,229236,10.14
26/01/2023,12.21,12.25,12.25,12.18,309972,10.07
25/01/2023,12.25,12.26,12.27,12.24,459299,10.11
24/01/2023,12.24,12.25,12.31,12.19,246962,10.1
23/01/2023,12.25,12.31,12.31,12.2,237190,10.11
20/01/2023,12.31,12.19,12.33,12.18,97186,10.15
19/01/2023,12.19,12.13,12.31,12.13,347592,10.06
18/01/2023,12.13,12.17,12.26,12.09,345267,10.01
17/01/2023,12.16,12.24,12.24,12.12,432416,10.03
16/01/2023,12.21,12.26,12.38,12.21,225533,10.07
13/01/2023,12.26,12.26,12.4,12.21,277711,10.11
12/01/2023,12.21,12.36,12.39,12.2,287119,10.07
11/01/2023,12.22,12.26,12.33,12.12,473611,10.08
10/01/2023,12.26,12.2,12.26,12.16,923973,10.11
09/01/2023,12.16,12.26,12.26,12.14,649908,10.03
06/01/2023,12.26,12.21,12.26,12.19,330074,10.11
05/01/2023,12.21,12.21,12.21,12.17,140913,10.07
04/01/2023,12.21,12.29,12.31,12.19,496259,10.07
03/01/2023,12.31,12.29,12.32,12.26,125776,10.15
02/01/2023,12.28,12.29,12.31,12.25,59171,10.13
30/12/2022,12.29,12.31,12.43,12.27,98519,10.14
29/12/2022,12.31,12.52,12.54,12.29,301532,10.15
28/12/2022,12.52,12.54,12.55,12.51,74145,10.33
27/12/2022,12.56,12.46,12.61,12.46,66120,10.29
26/12/2022,12.46,12.54,12.62,12.44,93659,10.21
23/12/2022,12.45,12.41,12.61,12.37,35746,10.2
22/12/2022,12.41,12.49,12.56,12.32,100167,10.17
21/12/2022,12.51,12.47,12.56,12.42,50272,10.25
20/12/2022,12.47,12.31,12.66,12.25,150045,10.22
19/12/2022,12.31,12.61,12.61,12.25,297534,10.09
16/12/2022,12.96,12.09,13.01,12.09,436375,10.62
15/12/2022,12.09,12.16,12.16,12.06,101634,9.91
14/12/2022,12.11,12.11,12.15,12.07,287776,9.92
13/12/2022,12.11,12.09,12.11,12.08,154676,9.92
09/12/2022,12.08,12.11,12.13,12.04,89504,9.9
08/12/2022,12.11,12.08,12.11,12.04,85886,9.92
07/12/2022,12.09,12.1,12.11,12.05,195104,9.91
06/12/2022,12.09,12.1,12.11,12.08,126530,9.91
05/12/2022,12.1,12.11,12.16,12.09,418865,9.92
02/12/2022,12.11,12.08,12.11,12.03,134340,9.92
01/12/2022,12.1,12.12,12.12,12.06,136344,9.92
30/11/2022,12.12,12.14,12.14,12.09,72955,9.93
29/11/2022,12.16,12.11,12.16,12.11,190216,9.97
28/11/2022,12.11,12.1,12.12,12,161940,9.92
25/11/2022,12.12,12.09,12.13,12.06,142922,9.86
24/11/2022,12.09,12.06,12.11,12.06,86778,9.84
23/11/2022,12.06,12.08,12.08,12.04,214359,9.82
22/11/2022,12.08,12.01,12.09,12,114560,9.83
18/11/2022,12.02,12.01,12.03,11.96,185500,9.78
17/11/2022,12.03,12,12.06,12,85685,9.79
16/11/2022,12.01,12.04,12.04,11.97,208447,9.78
15/11/2022,12.05,12.11,12.11,12.03,72307,9.81
14/11/2022,12.13,12.01,12.14,12.01,138062,9.87
11/11/2022,12.03,12.01,12.06,11.98,126850,9.79
10/11/2022,12.01,11.99,12.06,11.99,118535,9.78
09/11/2022,12.01,12.02,12.03,11.99,143978,9.78
08/11/2022,12,12.05,12.06,11.95,133828,9.77
07/11/2022,12.05,11.95,12.06,11.95,88165,9.81
04/11/2022,11.95,12.03,12.03,11.93,370420,9.73
03/11/2022,12.03,12.03,12.03,12,163813,9.79
01/11/2022,12.06,12.05,12.06,12.02,58889,9.82
31/10/2022,12.05,12.05,12.07,11.96,196489,9.81
28/10/2022,12.06,12.07,12.08,12.03,174672,9.82
27/10/2022,12.08,12.12,12.12,12.06,97827,9.83
26/10/2022,12.07,12.06,12.11,12.05,114567,9.76
25/10/2022,12.03,12.05,12.1,11.95,191695,9.72
24/10/2022,12.04,12.05,12.09,12.03,158257,9.73
21/10/2022,12.04,12.08,12.09,11.95,159220,9.73
20/10/2022,12.08,12.06,12.11,12.02,103510,9.77
19/10/2022,12.06,12.03,12.11,12.03,56734,9.75
18/10/2022,12.02,12.12,12.12,12.01,283868,9.72
17/10/2022,12.12,12.05,12.21,12.05,91117,9.8
14/10/2022,12.04,12.08,12.14,12.04,146952,9.73
13/10/2022,12.08,12.12,12.12,12.04,93698,9.77
12/10/2022,12.1,12.13,12.16,12.1,45910,9.78
11/10/2022,12.15,12.18,12.2,12.11,111566,9.82
10/10/2022,12.19,12.21,12.22,12.16,79334,9.85
07/10/2022,12.21,12.26,12.36,12.11,90993,9.87
06/10/2022,12.27,12.35,12.52,12.21,1229999,9.92
05/10/2022,12.34,12.26,12.34,12.16,637993,9.97
04/10/2022,12.24,12.2,12.24,12.14,310628,9.89
03/10/2022,12.14,12.12,12.17,12.11,91551,9.81
30/09/2022,12.11,12.14,12.17,12.11,171460,9.79
29/09/2022,12.12,12.12,12.15,12.1,76366,9.8
28/09/2022,12.13,12.11,12.16,12.1,1111622,9.81
27/09/2022,12.14,12.11,12.21,12.11,127765,9.81
26/09/2022,12.11,12.13,12.16,12.11,480549,9.79
23/09/2022,12.12,12.12,12.14,12.07,462242,9.8
22/09/2022,12.12,12.11,12.14,12.11,173611,9.8
21/09/2022,12.11,12.16,12.16,12.11,254789,9.79
20/09/2022,12.15,12.13,12.26,12.12,59331,9.82
19/09/2022,12.13,12.13,12.17,12.13,51214,9.81
15/09/2022,12.11,12.12,12.16,12.06,958573,9.79
14/09/2022,12.11,12.08,12.13,11.9,1258172,9.79
13/09/2022,12.07,12.06,12.09,12.06,43630,9.76
12/09/2022,12.05,12.05,12.08,12.05,63853,9.74
09/09/2022,12.05,12.08,12.08,12.04,75663,9.74
08/09/2022,12.06,12.08,12.09,11.91,147991,9.75
07/09/2022,12.08,12.06,12.1,12.01,132570,9.7
06/09/2022,12.01,11.96,12.01,11.95,131453,9.64
05/09/2022,11.96,11.95,11.99,11.95,137301,9.6
02/09/2022,11.95,11.95,11.95,11.93,143310,9.59
01/09/2022,11.93,11.93,11.99,11.91,233786,9.58
31/08/2022,11.92,11.92,11.96,11.9,130444,9.57
30/08/2022,11.94,11.94,11.95,11.92,122902,9.59
29/08/2022,11.93,12.04,12.04,11.91,84698,9.58
26/08/2022,12.06,12.06,12.06,12.04,31791,9.61
25/08/2022,11.96,11.95,12.03,11.92,105437,9.54
24/08/2022,11.91,11.95,12.1,11.9,495263,9.5
23/08/2022,11.92,11.9,11.94,11.9,68232,9.5
22/08/2022,11.9,11.91,11.93,11.88,200047,9.49
19/08/2022,11.93,11.91,11.95,11.89,105159,9.51
18/08/2022,11.91,11.92,11.94,11.89,203450,9.5
17/08/2022,11.92,11.91,11.94,11.89,219156,9.5
16/08/2022,11.91,11.96,11.96,11.89,428138,9.5
15/08/2022,11.95,11.93,11.96,11.91,311430,9.53
12/08/2022,11.93,11.94,11.94,11.9,87055,9.51
11/08/2022,11.94,11.94,11.94,11.91,166240,9.52
10/08/2022,11.9,11.95,11.95,11.89,253399,9.49
09/08/2022,11.94,11.94,11.96,11.91,233748,9.52
08/08/2022,11.94,11.91,11.96,11.89,214039,9.52
05/08/2022,11.95,11.96,11.96,11.9,234107,9.53
04/08/2022,11.95,11.91,11.96,11.91,76243,9.53
03/08/2022,11.92,11.9,11.94,11.89,245845,9.5
02/08/2022,11.91,11.91,11.92,11.89,223148,9.5
01/08/2022,11.9,11.91,11.94,11.89,176244,9.49
29/07/2022,11.9,11.91,11.94,11.89,168376,9.49
28/07/2022,11.9,11.94,11.95,11.89,475706,9.49
27/07/2022,11.91,11.98,11.98,11.89,155624,9.5
26/07/2022,11.98,11.91,12.01,11.9,122803,9.49
25/07/2022,11.9,11.91,11.98,11.89,263885,9.42
22/07/2022,11.91,11.91,12.01,11.88,207195,9.43
21/07/2022,11.91,11.91,11.95,11.88,374012,9.43
20/07/2022,11.89,11.87,11.94,11.86,1148065,9.41
19/07/2022,11.87,11.96,11.97,11.85,279957,9.4
18/07/2022,11.88,11.91,11.98,11.86,215007,9.41
15/07/2022,11.91,11.91,11.99,11.89,157533,9.43
14/07/2022,11.91,11.91,11.99,11.89,109733,9.43
13/07/2022,11.91,11.91,11.98,11.91,258937,9.43
12/07/2022,11.91,11.92,11.95,11.89,430752,9.43
11/07/2022,11.91,11.95,11.99,11.89,294169,9.43
08/07/2022,11.95,12,12,11.85,372260,9.46
07/07/2022,11.95,11.98,11.99,11.94,98793,9.46
06/07/2022,11.95,11.96,11.99,11.93,88525,9.46
05/07/2022,11.96,11.99,12,11.91,100585,9.47
04/07/2022,11.99,12.01,12.01,11.95,75491,9.49
01/07/2022,12.01,11.99,12.01,11.91,291264,9.51
30/06/2022,12,11.91,12.01,11.91,111369,9.5
29/06/2022,11.9,11.97,12.01,11.89,80689,9.42
28/06/2022,11.95,12,12.02,11.91,256575,9.46
27/06/2022,12.01,11.96,12.03,11.9,177718,9.44
24/06/2022,11.87,11.96,11.96,11.86,2432973,9.33
23/06/2022,11.92,11.91,11.96,11.88,87041,9.37
22/06/2022,11.9,11.85,11.91,11.76,166776,9.36
21/06/2022,11.85,11.94,11.97,11.83,68138,9.31
20/06/2022,11.93,11.85,12.01,11.85,70607,9.38
17/06/2022,11.94,11.85,12.06,11.82,595014,9.39
16/06/2022,11.83,11.91,11.91,11.81,188975,9.3
15/06/2022,11.91,11.91,11.93,11.86,124947,9.37
14/06/2022,11.91,11.88,11.99,11.75,440640,9.37
13/06/2022,11.85,11.89,11.9,11.82,134105,9.32
10/06/2022,11.86,11.81,11.89,11.81,132383,9.33
09/06/2022,11.79,11.86,11.94,11.76,144457,9.26
08/06/2022,11.85,11.91,12.05,11.83,205650,9.31
07/06/2022,11.84,11.85,11.92,11.82,269407,9.3
06/06/2022,11.84,11.86,12,11.82,911949,9.3
03/06/2022,11.86,11.91,11.99,11.85,384531,9.33
02/06/2022,11.89,11.94,12.1,11.88,479115,9.35
01/06/2022,11.91,11.99,12.12,11.89,511829,9.37
31/05/2022,11.99,12.01,12.1,11.93,290026,9.43
30/05/2022,12.09,12.13,12.2,12.01,101416,9.51
27/05/2022,12.09,12.2,12.21,12.07,145457,9.51
26/05/2022,12.15,12.2,12.27,12.11,178428,9.49
25/05/2022,12.14,12.07,12.2,11.97,334637,9.48
24/05/2022,12,12.16,12.16,11.98,128580,9.37
23/05/2022,11.97,11.91,12.01,11.91,318626,9.35
20/05/2022,11.91,12.03,12.03,11.9,339617,9.3
19/05/2022,12.02,12.07,12.11,12.01,236591,9.39
18/05/2022,12.06,12.18,12.18,12.04,305133,9.42
17/05/2022,12.16,12.22,12.28,12.16,153847,9.5
16/05/2022,12.18,12.23,12.3,12.16,136304,9.51
13/05/2022,12.14,12.06,12.3,12.06,162997,9.48
12/05/2022,12.14,12.06,12.26,12.05,262993,9.48
11/05/2022,12.06,12.31,12.31,11.82,264683,9.42
10/05/2022,12.27,12.28,12.3,12.21,98827,9.58
09/05/2022,12.27,12.22,12.4,12.15,259558,9.58
06/05/2022,12.21,12.31,12.41,12.2,1505811,9.54
05/05/2022,12.31,12.31,12.33,12.27,364135,9.61
04/05/2022,12.31,12.31,12.31,12.19,443881,9.61
03/05/2022,12.3,12.39,12.45,12.23,165165,9.61
02/05/2022,12.39,12.39,12.41,12.32,221173,9.68
29/04/2022,12.39,12.41,12.41,12.36,122624,9.68
28/04/2022,12.41,12.39,12.46,12.37,107619,9.69
27/04/2022,12.4,12.5,12.5,12.37,189556,9.68
26/04/2022,12.51,12.56,12.6,12.5,163546,9.7
25/04/2022,12.53,12.45,12.61,12.43,107268,9.72
22/04/2022,12.44,12.46,12.46,12.4,145525,9.65
21/04/2022,12.44,12.5,12.55,12.43,91646,9.65
20/04/2022,12.5,12.45,12.53,12.45,173637,9.7
19/04/2022,12.45,12.46,12.47,12.39,78462,9.66
18/04/2022,12.4,12.37,12.41,12.37,119925,9.62
13/04/2022,12.33,12.36,12.49,12.26,128693,9.57
12/04/2022,12.25,12.26,12.47,12.23,176846,9.5
11/04/2022,12.24,12.27,12.32,12.22,128023,9.5
08/04/2022,12.25,12.27,12.29,12.24,190078,9.5
07/04/2022,12.29,12.23,12.3,12.23,68957,9.54
06/04/2022,12.23,12.23,12.3,12.21,126653,9.49
05/04/2022,12.21,12.2,12.48,12.19,196601,9.47
04/04/2022,12.2,12.21,12.29,12.17,204715,9.47
01/04/2022,12.2,12.14,12.29,12.14,157067,9.47
31/03/2022,12.14,12.21,12.26,12.13,239170,9.42
30/03/2022,12.19,12.2,12.28,12.17,340315,9.46
29/03/2022,12.2,12.28,12.46,12.18,299755,9.47
28/03/2022,12.27,12.41,12.41,12.26,390745,9.52
25/03/2022,12.49,12.4,12.56,12.33,162542,9.69
24/03/2022,12.45,12.29,12.51,12.29,119131,9.66
23/03/2022,12.28,12.24,12.32,12.06,112525,9.53
22/03/2022,12.24,12.28,12.31,12.21,115510,9.5
18/03/2022,12.28,12.16,12.3,12.06,205262,9.53
17/03/2022,12.18,12.14,12.21,12.12,87181,9.45
16/03/2022,12.15,12.11,12.21,12.09,93979,9.43
15/03/2022,12.1,12.11,12.11,12.04,217673,9.39
14/03/2022,12.1,12.11,12.2,12.08,110572,9.39
11/03/2022,12.1,12.11,12.12,12.04,234549,9.39
10/03/2022,12.11,12.11,12.11,12.09,210764,9.4
09/03/2022,12.12,12.11,12.42,12.11,222461,9.4
08/03/2022,12.1,12.11,12.11,12.02,333446,9.33
07/03/2022,12.03,12.21,12.26,12.03,380390,9.27
04/03/2022,12.16,12.17,12.19,12.13,257925,9.37
03/03/2022,12.17,12.17,12.19,12.14,295387,9.38
02/03/2022,12.18,12.19,12.21,12.16,174249,9.39
01/03/2022,12.19,12.19,12.21,12.16,182853,9.39
28/02/2022,12.16,12.17,12.23,12.15,357365,9.37
25/02/2022,12.16,12.06,12.25,12.06,126315,9.37
24/02/2022,12.06,12.25,12.25,11.99,442477,9.3
23/02/2022,12.31,12.26,12.32,12.23,179260,9.42
22/02/2022,12.26,12.21,12.29,12.16,275067,9.39
21/02/2022,12.21,12.19,12.29,12.18,271648,9.35
18/02/2022,12.19,12.16,12.2,12.15,165549,9.33
17/02/2022,12.14,12.2,12.24,12.1,329420,9.3
16/02/2022,12.09,12.19,12.27,12.06,416097,9.26
15/02/2022,12.22,12.26,12.28,12.2,159787,9.36
14/02/2022,12.16,12.23,12.25,12.14,198296,9.31
11/02/2022,12.23,12.29,12.3,12.15,301224,9.36
10/02/2022,12.29,12.29,12.33,12.26,182463,9.41
09/02/2022,12.27,12.29,12.31,12.24,81932,9.39
08/02/2022,12.28,12.23,12.41,12.14,339739,9.4
04/02/2022,12.17,12.09,12.21,12.01,208416,9.32
03/02/2022,12.09,12.16,12.2,11.94,426458,9.26
02/02/2022,12.11,12.17,12.23,12.09,629001,9.27
01/02/2022,12.11,12.21,12.38,12.1,401174,9.27
31/01/2022,12.2,12.35,12.4,12.19,191596,9.34
28/01/2022,12.16,12.55,12.58,12.13,566189,9.31
27/01/2022,12.52,12.34,12.72,12.34,463771,9.58
26/01/2022,12.34,12.37,12.46,12.31,162558,9.39
25/01/2022,12.32,12.25,12.36,12.19,275698,9.37
24/01/2022,12.26,12.39,12.41,12.22,167685,9.32
21/01/2022,12.39,12.25,12.4,12.25,251063,9.42
20/01/2022,12.27,12.27,12.39,12.25,96409,9.33
19/01/2022,12.27,12.29,12.41,12.21,80825,9.33
18/01/2022,12.19,12.26,12.36,12.18,237683,9.27
17/01/2022,12.26,12.26,12.3,12.21,99159,9.32
14/01/2022,12.24,12.21,12.29,12.21,112279,9.31
13/01/2022,12.2,12.18,12.26,12.17,149588,9.28
12/01/2022,12.17,12.19,12.21,12.13,128942,9.26
11/01/2022,12.11,12.18,12.21,12.09,247638,9.21
10/01/2022,12.15,12.13,12.18,12.1,137177,9.24
07/01/2022,12.09,12.11,12.16,12.09,154450,9.2
06/01/2022,12.11,12.14,12.18,12.09,188693,9.21
05/01/2022,12.12,12.14,12.16,12.09,153518,9.22
04/01/2022,12.11,12.18,12.2,12.04,402589,9.21
03/01/2022,12.14,12.18,12.2,12.14,179799,9.23
31/12/2021,12.18,12.16,12.21,12.12,135178,9.26
30/12/2021,12.12,12.15,12.2,12.09,231949,9.22
29/12/2021,12.15,12.2,12.29,12.11,133139,9.24
28/12/2021,12.19,12.15,12.29,12.15,187421,9.22
27/12/2021,12.11,12.15,12.3,12.1,151509,9.16
24/12/2021,12.15,12.16,12.21,12.13,68391,9.19
23/12/2021,12.14,12.17,12.18,12.06,200802,9.18
22/12/2021,12.1,12.16,12.19,12.07,151556,9.15
21/12/2021,12.1,12.15,12.21,12.08,178745,9.15
20/12/2021,12.15,12.2,12.25,12.06,271693,9.19
17/12/2021,12.15,12.11,12.21,12.11,552934,9.19
16/12/2021,12.1,12.17,12.19,12.09,152920,9.15
15/12/2021,12.17,12.13,12.19,12.08,4793138,9.2
14/12/2021,12.13,12.08,12.15,11.95,371759,9.17
13/12/2021,12.01,12.04,12.12,11.99,165811,9.08
10/12/2021,12.04,12.09,12.12,11.92,150139,9.1
09/12/2021,12.1,12.16,12.26,12.06,232913,9.15
08/12/2021,12.16,12.13,12.21,12.12,112995,9.19
07/12/2021,12.15,12.16,12.16,12.14,20629,9.19
06/12/2021,12.16,12.16,12.23,12,129164,9.19
03/12/2021,12.16,12.24,12.24,12.06,225159,9.19
02/12/2021,12.28,12.06,12.31,12.06,197120,9.28
01/12/2021,11.98,11.99,12.06,11.97,103146,9.06
30/11/2021,12,12.08,12.11,11.99,124073,9.07
29/11/2021,12.08,12.06,12.09,12.01,144950,9.13
26/11/2021,11.96,12.06,12.06,11.91,61925,9.04
25/11/2021,12.1,12.04,12.1,12.01,84764,9.09
24/11/2021,12.04,12.07,12.1,11.96,152140,9.05
23/11/2021,12.07,12,12.11,12,170670,9.07
22/11/2021,11.99,11.99,12.07,11.96,107074,9.01
19/11/2021,11.99,12.02,12.04,11.91,67468,9.01
18/11/2021,12.01,12.01,12.04,11.94,106355,9.03
17/11/2021,11.82,11.82,11.82,11.82,-,8.88
16/11/2021,11.82,11.82,11.82,11.82,-,8.88
12/11/2021,11.82,11.82,11.82,11.82,-,8.88
11/11/2021,11.82,11.82,11.82,11.82,-,8.88
10/11/2021,11.82,11.82,11.82,11.82,-,8.88
09/11/2021,11.82,11.9,11.91,11.79,221647,8.88
08/11/2021,11.85,11.89,11.95,11.82,96832,8.9
05/11/2021,11.9,11.91,11.91,11.85,198122,8.94
04/11/2021,11.91,11.91,11.95,11.89,156535,8.95
03/11/2021,11.91,11.95,11.95,11.88,226059,8.95
01/11/2021,11.97,11.9,12,11.85,164343,9
29/10/2021,11.85,11.96,12.02,11.82,151258,8.91
28/10/2021,11.96,12.01,12.01,11.92,48163,8.99
27/10/2021,12.01,12.08,12.08,11.92,92869,9.03
26/10/2021,12.1,11.92,12.11,11.92,57570,9.04
25/10/2021,11.98,11.96,11.99,11.93,49829,8.95
22/10/2021,11.96,11.96,11.99,11.88,175403,8.93
21/10/2021,11.94,11.94,11.98,11.91,112323,8.92
20/10/2021,11.93,11.91,11.99,11.91,73203,8.91
19/10/2021,11.88,11.97,11.99,11.88,227273,8.87
18/10/2021,11.96,11.99,11.99,11.94,166706,8.93
15/10/2021,11.98,11.96,12.03,11.94,57232,8.95
14/10/2021,11.96,11.98,12,11.91,159199,8.93
13/10/2021,11.88,11.91,11.96,11.87,71466,8.87
12/10/2021,11.9,11.99,11.99,11.87,83819,8.89
11/10/2021,11.91,11.97,12,11.89,74518,8.9
08/10/2021,11.92,11.96,12.06,11.84,176180,8.9
07/10/2021,11.96,11.86,12.11,11.86,123389,8.93
06/10/2021,11.86,11.87,11.9,11.81,149135,8.86
05/10/2021,11.87,11.91,11.96,11.86,566878,8.87
04/10/2021,11.91,12.01,12.13,11.89,324439,8.9
01/10/2021,11.91,12.01,12.01,11.89,229050,8.9
30/09/2021,12.02,12.06,12.09,11.85,292881,8.98
29/09/2021,11.91,12.07,12.07,11.86,580187,8.9
28/09/2021,11.91,12.09,12.18,11.9,525031,8.9
27/09/2021,12.09,12.31,12.4,11.99,298086,8.98
24/09/2021,12.31,12.38,12.38,12.27,63509,9.14
23/09/2021,12.26,12.16,12.38,12.16,211066,9.1
22/09/2021,12.17,12.21,12.21,12.13,158726,9.03
21/09/2021,12.21,12.16,12.21,12.11,74648,9.06
20/09/2021,12.15,12.15,12.16,12.06,207795,9.02
17/09/2021,12.22,12.21,12.3,12.16,313165,9.07
15/09/2021,12.21,12.05,12.21,12.05,129465,9.06
14/09/2021,12.01,12.11,12.11,12.01,242133,8.92
13/09/2021,12.03,12.05,12.11,11.99,208517,8.93
10/09/2021,12.06,12.21,12.21,12.01,163367,8.95
09/09/2021,12.11,12.09,12.19,12.04,88044,8.99
08/09/2021,12.11,12.1,12.21,12.06,121878,8.99
07/09/2021,12.1,12.08,12.19,12.04,207438,8.98
06/09/2021,12.1,12.1,12.11,12.08,184673,8.98
03/09/2021,12.1,12.01,12.16,11.96,181783,8.98
02/09/2021,11.99,12.03,12.03,11.98,82363,8.9
01/09/2021,12.01,12,12.03,11.96,153097,8.92
31/08/2021,12.01,12.01,12.02,11.99,75106,8.92
30/08/2021,12.01,12.01,12.06,11.96,259220,8.92
27/08/2021,12.03,12.01,12.07,12.01,116529,8.93
26/08/2021,12.01,12,12.05,11.97,608367,8.86
25/08/2021,11.99,12.06,12.08,11.94,162902,8.85
24/08/2021,12.01,12.11,12.11,11.99,448754,8.86
23/08/2021,12.01,11.95,12.11,11.95,155944,8.86
20/08/2021,11.95,11.96,11.97,11.89,232000,8.82
19/08/2021,11.97,12.07,12.1,11.91,375111,8.83
18/08/2021,12.05,12.11,12.11,12.02,134572,8.89
17/08/2021,12.11,12.01,12.11,12.01,70808,8.94
16/08/2021,12.08,12.08,12.11,12.05,160576,8.91
13/08/2021,12.08,12.11,12.11,12.03,87810,8.91
12/08/2021,12.11,12.11,12.15,12.01,84112,8.94
11/08/2021,12.11,12.13,12.16,12.06,360760,8.94
10/08/2021,12.13,12.2,12.2,12.02,92680,8.95
09/08/2021,12.12,12.1,12.2,12.01,87458,8.94
06/08/2021,12.14,12.01,12.21,11.99,189645,8.96
05/08/2021,12.1,12.06,12.21,11.91,363934,8.93
04/08/2021,12.06,11.94,12.22,11.81,439482,8.9
03/08/2021,11.98,11.81,12.15,11.76,395296,8.84
02/08/2021,11.76,11.9,11.91,11.72,380070,8.67
30/07/2021,11.89,11.9,11.9,11.86,126082,8.77
29/07/2021,11.82,11.89,11.91,11.73,444498,8.72
28/07/2021,11.82,11.9,12,11.74,362141,8.72
27/07/2021,11.9,12.1,12.16,11.87,344191,8.73
26/07/2021,12.11,12.07,12.2,12.07,92587,8.88
23/07/2021,12,12.1,12.11,12,115235,8.8
22/07/2021,12.08,12.11,12.21,11.96,261379,8.86
21/07/2021,12.07,12.2,12.2,12.06,79023,8.85
20/07/2021,12.12,12,12.16,11.94,657199,8.89
19/07/2021,11.98,11.99,12.01,11.93,111099,8.79
16/07/2021,11.99,11.91,12,11.86,158846,8.79
15/07/2021,11.88,12,12,11.85,155521,8.71
14/07/2021,12,11.96,12,11.92,116749,8.8
13/07/2021,11.96,11.96,11.96,11.9,204371,8.77
12/07/2021,11.96,11.99,11.99,11.89,249573,8.77
09/07/2021,11.92,11.98,12.1,11.85,285862,8.74
08/07/2021,11.82,11.82,11.98,11.72,321483,8.66
07/07/2021,11.76,11.82,11.89,11.61,389388,8.62
06/07/2021,11.81,12.39,12.4,11.67,498146,8.66
05/07/2021,12.39,12.36,12.41,12.03,75834,9.09
02/07/2021,12.03,12.04,12.31,11.91,197731,8.82
01/07/2021,12,12.3,12.3,11.98,121909,8.8
30/06/2021,12.16,12.27,12.37,12.16,144422,8.92
29/06/2021,12.25,12.25,12.41,12.23,120021,8.98
28/06/2021,12.24,12.46,12.46,11.92,82679,8.98
25/06/2021,12.31,12.52,12.62,12.31,112881,8.98
24/06/2021,12.5,12.26,12.68,12.19,122289,9.11
23/06/2021,12.29,12.45,12.45,12.26,97594,8.96
22/06/2021,12.41,12.26,12.51,12.24,259025,9.05
21/06/2021,12.29,11.91,12.54,11.91,427008,8.96
18/06/2021,12.14,11.85,14.07,11.77,615671,8.85
17/06/2021,11.89,11.89,11.9,11.83,129001,8.67
16/06/2021,11.82,11.74,11.85,11.67,190326,8.61
15/06/2021,11.74,11.74,11.81,11.7,94159,8.56
14/06/2021,11.74,11.74,11.75,11.66,125584,8.56
11/06/2021,11.67,11.65,11.69,11.61,65143,8.51
10/06/2021,11.65,11.67,11.68,11.6,192354,8.49
09/06/2021,11.58,11.66,11.66,11.58,147549,8.44
08/06/2021,11.64,11.67,11.67,11.57,112038,8.48
07/06/2021,11.67,11.62,11.71,11.59,88122,8.51
04/06/2021,11.62,11.66,11.67,11.57,81541,8.47
03/06/2021,11.6,11.65,11.65,11.52,87872,8.46
02/06/2021,11.66,11.62,11.67,11.51,207344,8.5
01/06/2021,11.62,11.57,11.67,11.57,87114,8.47
31/05/2021,11.52,11.54,11.65,11.5,120056,8.4
28/05/2021,11.53,11.7,11.7,11.52,129429,8.4
27/05/2021,11.69,11.61,11.72,11.42,139012,8.52
26/05/2021,11.59,11.6,11.63,11.54,82195,8.4
25/05/2021,11.53,11.52,11.59,11.42,221110,8.35
24/05/2021,11.5,11.6,11.6,11.46,236221,8.33
21/05/2021,11.56,11.65,11.65,11.52,85549,8.38
20/05/2021,11.57,11.62,11.72,11.52,374243,8.38
19/05/2021,11.59,11.86,11.88,11.55,313844,8.4
18/05/2021,11.86,11.77,12.52,11.77,224314,8.6
17/05/2021,11.77,11.67,11.9,11.62,69801,8.53
14/05/2021,11.65,11.57,11.65,11.53,114259,8.44
13/05/2021,11.54,11.59,11.62,11.43,182165,8.36
12/05/2021,11.58,11.65,11.65,11.57,58883,8.39
11/05/2021,11.64,11.65,11.73,11.62,328695,8.43
10/05/2021,11.64,11.58,11.7,11.47,82278,8.43
07/05/2021,11.59,11.68,11.68,11.55,65029,8.4
06/05/2021,11.67,11.72,11.9,11.5,703457,8.46
05/05/2021,11.69,11.67,11.74,11.65,449703,8.47
04/05/2021,11.59,11.62,11.64,11.58,137879,8.4
03/05/2021,11.59,11.61,11.61,11.51,247932,8.4
30/04/2021,11.51,11.56,11.56,11.44,195486,8.34
29/04/2021,11.48,11.53,11.53,11.44,69270,8.32
28/04/2021,11.53,11.52,11.53,11.44,224359,8.35
27/04/2021,11.51,11.5,11.55,11.47,64911,8.29
26/04/2021,11.43,11.51,11.52,11.31,238354,8.23
23/04/2021,11.36,11.53,11.55,11.32,405986,8.18
22/04/2021,11.53,11.44,11.54,11.33,289195,8.3
21/04/2021,11.39,11.55,11.55,11.37,188040,8.2
20/04/2021,11.51,11.55,11.55,11.42,136140,8.29
19/04/2021,11.5,11.5,11.56,11.46,137176,8.28
16/04/2021,11.49,11.54,11.54,11.47,54185,8.28
15/04/2021,11.51,11.5,11.56,11.44,122610,8.29
14/04/2021,11.42,11.56,11.56,11.37,259106,8.23
13/04/2021,11.39,11.57,11.62,11.31,317775,8.2
12/04/2021,11.56,11.57,11.64,11.31,338381,8.33
09/04/2021,11.56,11.62,11.62,11.45,215182,8.33
08/04/2021,11.42,11.31,11.5,11.31,176948,8.23
07/04/2021,11.41,11.42,11.51,11.36,221669,8.22
06/04/2021,11.44,11.57,11.57,11.3,347009,8.24
05/04/2021,11.45,11.49,11.55,11.41,84315,8.25
31/03/2021,11.35,11.7,11.7,11.3,275755,8.18
30/03/2021,11.53,11.46,11.6,11.46,50108,8.3
29/03/2021,11.46,11.75,11.85,11.29,252378,8.25
26/03/2021,11.71,11.63,11.75,11.47,282423,8.43
25/03/2021,11.63,11.54,11.73,11.41,555483,8.38
24/03/2021,11.56,11.36,11.68,11.36,698953,8.33
23/03/2021,11.52,11.34,11.62,11.33,206140,8.3
22/03/2021,11.35,11.37,11.37,11.28,164383,8.18
19/03/2021,11.35,11.37,11.37,11.33,200513,8.18
18/03/2021,11.35,11.32,11.37,11.26,82982,8.18
17/03/2021,11.26,11.42,11.42,11.22,330564,8.11
16/03/2021,11.3,11.39,11.39,11.28,235033,8.14
12/03/2021,11.37,11.42,11.44,11.3,382661,8.19
11/03/2021,11.32,11.42,11.42,11.27,190293,8.15
10/03/2021,11.3,11.3,11.37,11.26,174797,8.14
09/03/2021,11.31,11.27,11.41,11.25,239066,8.09
08/03/2021,11.31,11.32,11.42,11.29,98280,8.09
05/03/2021,11.35,11.19,11.42,11.19,174052,8.12
04/03/2021,11.18,11.4,11.52,11.17,178898,8
03/03/2021,11.4,11.49,11.49,11.31,270933,8.15
02/03/2021,11.39,11.37,11.52,11.31,811230,8.14
01/03/2021,11.36,11.62,11.63,11.32,609249,8.12
26/02/2021,11.56,11.42,11.58,11.32,505395,8.27
25/02/2021,11.42,11.52,11.62,11.3,868331,8.17
24/02/2021,11.39,11.51,11.64,11.34,503945,8.14
23/02/2021,11.52,11.29,11.54,11.11,620674,8.18
22/02/2021,11.21,11.12,11.22,11.12,368669,7.96
19/02/2021,11.13,11.14,11.16,10.98,486312,7.9
18/02/2021,11.14,11.08,11.16,11,176765,7.91
17/02/2021,11,11.42,11.42,10.97,247498,7.81
16/02/2021,11.27,11.02,11.37,10.92,857024,8
15/02/2021,11.02,11.02,11.03,10.99,110613,7.82
12/02/2021,10.97,11.05,11.05,10.92,116596,7.79
11/02/2021,10.96,11.07,11.07,10.94,126513,7.78
10/02/2021,11.07,11.27,11.27,11.04,154659,7.86
09/02/2021,11.05,11.12,11.12,11.03,116185,7.85
08/02/2021,11.12,11.22,11.22,11.07,141797,7.9
05/02/2021,11.12,11.15,11.17,11.06,100697,7.9
04/02/2021,11.16,11.17,11.17,11.02,79512,7.92
03/02/2021,11.16,11.22,11.22,11.05,170954,7.92
02/02/2021,11.18,11.6,11.6,11.02,467552,7.94
29/01/2021,11.38,11.23,11.47,11.23,211025,8.08
28/01/2021,11.31,11.27,11.39,11.24,81776,8.03
27/01/2021,11.38,11.12,11.42,11.12,79328,8.08
26/01/2021,11.12,11.32,11.32,11.11,247299,7.84
25/01/2021,11.33,11.22,11.5,11.22,139029,7.98
22/01/2021,11.22,11.22,11.22,11.18,114116,7.91
21/01/2021,11.21,11.35,11.5,11.19,287129,7.9
20/01/2021,11.39,11.5,11.5,11.35,76369,8.03
19/01/2021,11.52,11.72,11.72,11.43,244799,8.12
18/01/2021,11.62,11.76,11.76,11.6,175104,8.19
15/01/2021,11.58,11.62,11.62,11.57,126664,8.16
14/01/2021,11.57,11.62,11.62,11.57,62998,8.15
13/01/2021,11.6,11.62,11.62,11.57,138861,8.17
12/01/2021,11.57,11.62,11.62,11.51,115794,8.15
11/01/2021,11.58,11.76,11.76,11.48,246769,8.16
08/01/2021,11.61,11.77,11.77,11.58,114428,8.18
07/01/2021,11.75,11.66,11.77,11.64,122288,8.28
06/01/2021,11.66,11.68,11.71,11.64,120934,8.21
05/01/2021,11.62,11.52,11.67,11.5,1831387,8.19
04/01/2021,11.52,11.52,11.52,11.49,358402,8.12
31/12/2020,11.49,11.51,11.52,11.41,155114,8.1
30/12/2020,11.41,11.45,11.52,11.35,138729,8.04
29/12/2020,11.23,11.34,11.62,11.22,500152,7.91
28/12/2020,11.34,11.34,11.52,11.34,160690,7.93
24/12/2020,11.06,11.52,11.52,10.82,280244,7.73
23/12/2020,11.47,11.72,11.72,11.47,3416271,8.02
22/12/2020,11.64,11.47,11.66,11.43,256827,8.14
21/12/2020,11.44,11.66,11.66,11.42,155945,8
18/12/2020,11.59,11.66,11.67,11.51,139973,8.1
17/12/2020,11.57,11.67,11.67,11.51,120932,8.09
16/12/2020,11.5,11.45,11.57,11.45,107120,8.04
15/12/2020,11.47,11.57,11.57,11.37,190264,8.02
14/12/2020,11.56,11.35,11.57,11.35,165960,8.08
11/12/2020,11.34,11.62,11.62,11.34,151906,7.93
10/12/2020,11.47,11.36,11.56,11.36,101229,8.02
09/12/2020,11.36,11.37,11.62,11.31,108924,7.94
08/12/2020,11.36,11.42,11.62,11.32,120642,7.94
07/12/2020,11.42,11.69,11.69,11.33,353551,7.98
04/12/2020,11.52,11.72,11.72,11.42,232531,8.05
03/12/2020,11.57,11.72,11.82,11.52,143213,8.09
02/12/2020,11.63,11.77,11.77,11.58,314392,8.13
01/12/2020,11.69,11.48,11.76,11.46,108860,8.17
30/11/2020,11.56,11.62,11.67,11.48,180554,8.08
27/11/2020,11.49,11.74,11.82,11.41,46182,8.03
26/11/2020,11.51,11.46,11.85,11.31,157701,8.05
25/11/2020,11.46,11.67,11.67,11.44,53080,7.89
24/11/2020,11.62,11.4,11.67,11.39,37966,8
23/11/2020,11.27,11.06,11.5,11.06,28780,7.76
20/11/2020,10.96,10.92,11.02,10.92,76067,7.55
19/11/2020,10.92,11.02,11.02,10.83,128637,7.52
18/11/2020,11.02,10.92,11.02,10.77,194083,7.59
17/11/2020,10.87,10.82,11.02,10.72,1240538,7.48
13/11/2020,10.77,10.82,10.91,10.77,137280,7.42
12/11/2020,10.8,10.51,10.92,10.43,2060743,7.44
11/11/2020,10.51,10.39,10.52,10.38,95039,7.24
10/11/2020,10.34,10.43,10.44,10.33,56639,7.11
09/11/2020,10.34,10.15,10.43,10.15,268781,7.11
06/11/2020,10.27,10.33,10.33,10.01,133976,7.07
05/11/2020,10.1,10.15,10.15,10.03,653523,6.95
04/11/2020,10.15,10.15,10.21,10.08,110232,6.98
03/11/2020,10.13,10.27,10.29,10.08,37112,6.97
30/10/2020,10.48,10.04,10.72,9.94,49163,7.22
29/10/2020,9.96,9.94,10.07,9.88,146364,6.85
28/10/2020,9.94,10.06,10.06,9.92,87060,6.84
27/10/2020,10.08,10.23,10.23,10,176263,6.88
26/10/2020,10.1,10.23,10.23,10.1,28689,6.89
23/10/2020,10.03,10.02,10.13,9.99,185883,6.84
22/10/2020,10.03,9.93,10.03,9.84,1774829,6.84
21/10/2020,9.88,9.87,9.96,9.85,13163749,6.74
20/10/2020,9.87,9.94,9.95,9.85,227662,6.73
19/10/2020,9.93,9.93,10.02,9.9,294556,6.77
16/10/2020,9.93,9.93,10.07,9.91,97026,6.77
15/10/2020,9.89,10.03,10.05,9.83,391075,6.75
14/10/2020,10.02,10.08,10.13,9.9,383077,6.84
13/10/2020,9.95,10.21,10.21,9.93,73226,6.79
12/10/2020,10.19,10.22,10.31,10.15,24608,6.95
09/10/2020,10.3,10.26,10.26,10.12,70227,7.02
08/10/2020,10.3,10.44,10.44,10.28,153666,7.02
07/10/2020,10.45,10.26,10.52,10.25,37009,7.13
06/10/2020,10.22,10.22,10.33,10.18,603418,6.97
05/10/2020,10.31,10.07,10.36,9.9,60902,7.03
02/10/2020,10.12,9.92,10.13,9.88,226998,6.9
01/10/2020,9.93,9.93,9.93,9.85,59031,6.77
30/09/2020,9.93,10.02,10.02,9.9,59579,6.77
29/09/2020,9.93,9.97,9.98,9.92,47425,6.77
28/09/2020,9.94,9.93,9.96,9.84,135470,6.78
25/09/2020,9.93,9.93,9.97,9.82,155694,6.77
24/09/2020,9.86,9.93,9.93,9.81,168465,6.73
23/09/2020,9.91,9.6,9.93,9.6,158044,6.76
22/09/2020,9.61,9.78,9.93,9.53,327226,6.56
21/09/2020,9.73,9.73,10.02,9.64,62017,6.64
18/09/2020,9.77,9.93,9.93,9.73,344757,6.67
17/09/2020,9.83,9.86,10.03,9.76,859795,6.71
15/09/2020,9.93,9.91,9.98,9.86,22775,6.77
14/09/2020,9.93,10.03,10.03,9.86,228693,6.77
11/09/2020,10.02,10.02,10.02,9.93,9414,6.84
10/09/2020,9.98,9.87,10.03,9.86,22922,6.81
09/09/2020,9.84,9.83,10.02,9.83,132416,6.71
08/09/2020,9.86,9.97,9.98,9.84,63476,6.73
07/09/2020,9.92,9.94,10.02,9.82,665601,6.77
04/09/2020,9.86,9.95,9.95,9.84,215586,6.73
03/09/2020,9.82,9.94,9.96,9.78,179155,6.7
02/09/2020,9.91,9.87,10.03,9.8,1505467,6.76
01/09/2020,9.88,9.91,9.93,9.83,49309,6.74
31/08/2020,9.9,10.01,10.01,9.83,23877,6.75
28/08/2020,9.86,9.91,9.91,9.78,54648,6.73
27/08/2020,9.91,9.88,9.93,9.77,39805,6.7
26/08/2020,9.87,10.01,10.01,9.83,83153,6.61
25/08/2020,9.93,10.1,10.1,9.83,497706,6.65
24/08/2020,9.91,9.9,10.13,9.86,214917,6.64
21/08/2020,9.91,10,10,9.9,20724,6.64
20/08/2020,10,10.02,10.02,9.91,64817,6.7
19/08/2020,10.01,10.01,10.01,9.93,122051,6.71
18/08/2020,9.92,9.93,10.02,9.9,66165,6.65
17/08/2020,9.85,10.13,10.13,9.83,208330,6.6
14/08/2020,10.07,10.13,10.13,9.98,103021,6.75
13/08/2020,9.95,9.86,10.11,9.86,1234818,6.67
12/08/2020,9.86,10.13,10.13,9.71,191894,6.61
11/08/2020,10.13,10.08,10.33,9.75,4274757,6.79
10/08/2020,9.94,9.83,9.98,9.83,69192,6.66
07/08/2020,9.91,19.86,19.86,9.9,95335,6.64
06/08/2020,9.93,9.98,9.98,9.9,110191,6.65
05/08/2020,9.91,10.04,10.04,9.83,18781,6.64
04/08/2020,9.96,10.03,10.08,9.93,113629,6.67
03/08/2020,10.03,10.03,10.03,9.85,49923,6.72
31/07/2020,9.91,10.11,10.11,9.78,82977,6.64
30/07/2020,10.01,9.93,10.01,9.91,82024,6.71
29/07/2020,9.83,9.79,9.9,9.7,58866,6.59
28/07/2020,9.96,9.93,9.98,9.58,111531,6.61
27/07/2020,9.83,9.68,9.89,9.68,85915,6.53
24/07/2020,9.64,9.53,9.64,9.43,449870,6.4
23/07/2020,9.48,9.31,9.53,9.27,799885,6.3
22/07/2020,9.31,9.37,9.37,9.26,23501,6.18
21/07/2020,9.29,9.33,9.33,9.07,115662,6.17
20/07/2020,9.33,9.37,9.43,9.31,67366,6.2
17/07/2020,9.37,9.48,9.48,9.33,82639,6.22
16/07/2020,9.48,9.51,9.53,9.44,34109,6.3
15/07/2020,9.51,9.63,9.63,9.51,24689,6.32
14/07/2020,9.53,9.63,9.63,9.53,44570,6.33
13/07/2020,9.53,9.64,9.71,9.48,105199,6.33
10/07/2020,9.63,9.79,9.82,9.62,23373,6.39
09/07/2020,9.73,9.83,9.89,9.64,738205,6.46
08/07/2020,9.83,9.91,9.91,9.82,11331,6.53
07/07/2020,9.86,9.88,9.88,9.78,78430,6.55
06/07/2020,9.86,9.91,9.91,9.83,122649,6.55
03/07/2020,9.89,9.91,9.91,9.83,32321,6.57
02/07/2020,9.89,9.86,9.9,9.73,1188214,6.57
01/07/2020,9.86,9.88,9.91,9.83,93961,6.55
30/06/2020,9.77,9.91,9.91,9.75,30178,6.49
29/06/2020,9.86,9.91,9.91,9.83,11003,6.55
26/06/2020,9.91,9.91,9.91,9.83,82310,6.58
25/06/2020,9.91,9.93,9.93,9.83,62618,6.52
24/06/2020,9.89,9.93,9.93,9.73,116277,6.51
23/06/2020,9.79,10.03,10.03,9.73,351492,6.44
22/06/2020,9.98,9.68,10.15,9.68,223264,6.57
19/06/2020,9.87,10.03,10.03,9.86,413896,6.5
18/06/2020,10.01,10.02,10.15,9.98,258024,6.59
17/06/2020,10.02,10.18,10.18,9.98,112892,6.59
16/06/2020,10.13,10.13,10.28,10.08,456229,6.67
15/06/2020,10.09,10.03,10.1,9.98,44742,6.64
12/06/2020,10.11,10.03,10.11,9.93,44403,6.65
11/06/2020,10.02,10.02,10.03,9.73,145867,6.59
10/06/2020,10.03,10.04,10.18,9.84,267501,6.6
09/06/2020,10.05,10.28,10.28,10.03,410717,6.61
08/06/2020,10.23,10.21,10.43,10.08,81492,6.73
05/06/2020,10.22,10.33,10.33,10.2,359941,6.72
04/06/2020,10.28,10.33,10.33,10.26,25414,6.76
03/06/2020,10.28,10.33,10.33,10.23,196665,6.76
02/06/2020,10.31,10.33,10.33,10.23,228964,6.78
01/06/2020,10.27,10.12,10.37,10.04,159751,6.76
29/05/2020,10.02,10.08,10.08,9.94,13139,6.59
28/05/2020,10.05,10.23,10.23,9.98,58515,6.61
27/05/2020,10.18,10.33,10.38,10.13,33553,6.7
26/05/2020,10.33,10.52,10.52,10.25,52311,6.74
25/05/2020,10.45,10.33,10.78,10.33,9670,6.82
22/05/2020,10.23,10.14,10.71,10.14,17205,6.67
21/05/2020,10.14,10.14,10.15,9.93,36003,6.62
